Identifier,District,Event,Level,Level_Rank,Level_Basis,Severity,Urgency,Certainty,Is_Flood,Msg_Type,Sent,Effective,Expires,Headline,Sender,Source_URL
IN-1789957059562006_6,Pathanamthitta,Moderate Rain,Orange,2,severity,Severe,Expected,Likely,No,Update,2026-09-21 07:58:47,2026-09-21 07:44:00,2026-09-21 10:44:00,"Thunderstorm with Moderate rainfall (5-15mm/ hour) with wind speed likely to be 40 Kmph (in Gusts) at isolated places in Alappuzha, Pathanamthitta, Kottayam, Ernakulam, Idukki and Thrissur                                                                                                      in next 3 hours.",Kerala-SDMA,https://sachet.ndma.gov.in/cap_public_website/FetchXMLFile?identifier=1789957059562006
IN-1789957059562006_6,Alappuzha,Moderate Rain,Orange,2,severity,Severe,Expected,Likely,No,Update,2026-09-21 07:58:47,2026-09-21 07:44:00,2026-09-21 10:44:00,"Thunderstorm with Moderate rainfall (5-15mm/ hour) with wind speed likely to be 40 Kmph (in Gusts) at isolated places in Alappuzha, Pathanamthitta, Kottayam, Ernakulam, Idukki and Thrissur                                                                                                      in next 3 hours.",Kerala-SDMA,https://sachet.ndma.gov.in/cap_public_website/FetchXMLFile?identifier=1789957059562006
IN-1789957059562006_6,Kottayam,Moderate Rain,Orange,2,severity,Severe,Expected,Likely,No,Update,2026-09-21 07:58:47,2026-09-21 07:44:00,2026-09-21 10:44:00,"Thunderstorm with Moderate rainfall (5-15mm/ hour) with wind speed likely to be 40 Kmph (in Gusts) at isolated places in Alappuzha, Pathanamthitta, Kottayam, Ernakulam, Idukki and Thrissur                                                                                                      in next 3 hours.",Kerala-SDMA,https://sachet.ndma.gov.in/cap_public_website/FetchXMLFile?identifier=1789957059562006
IN-1789957059562006_6,Idukki,Moderate Rain,Orange,2,severity,Severe,Expected,Likely,No,Update,2026-09-21 07:58:47,2026-09-21 07:44:00,2026-09-21 10:44:00,"Thunderstorm with Moderate rainfall (5-15mm/ hour) with wind speed likely to be 40 Kmph (in Gusts) at isolated places in Alappuzha, Pathanamthitta, Kottayam, Ernakulam, Idukki and Thrissur                                                                                                      in next 3 hours.",Kerala-SDMA,https://sachet.ndma.gov.in/cap_public_website/FetchXMLFile?identifier=1789957059562006
IN-1789957059562006_6,Ernakulam,Moderate Rain,Orange,2,severity,Severe,Expected,Likely,No,Update,2026-09-21 07:58:47,2026-09-21 07:44:00,2026-09-21 10:44:00,"Thunderstorm with Moderate rainfall (5-15mm/ hour) with wind speed likely to be 40 Kmph (in Gusts) at isolated places in Alappuzha, Pathanamthitta, Kottayam, Ernakulam, Idukki and Thrissur                                                                                                      in next 3 hours.",Kerala-SDMA,https://sachet.ndma.gov.in/cap_public_website/FetchXMLFile?identifier=1789957059562006
IN-1789957059562006_6,Thrissur,Moderate Rain,Orange,2,severity,Severe,Expected,Likely,No,Update,2026-09-21 07:58:47,2026-09-21 07:44:00,2026-09-21 10:44:00,"Thunderstorm with Moderate rainfall (5-15mm/ hour) with wind speed likely to be 40 Kmph (in Gusts) at isolated places in Alappuzha, Pathanamthitta, Kottayam, Ernakulam, Idukki and Thrissur                                                                                                      in next 3 hours.",Kerala-SDMA,https://sachet.ndma.gov.in/cap_public_website/FetchXMLFile?identifier=1789957059562006
IN-1789945498146006_6,Kottayam,Moderate Rain,Orange,2,severity,Severe,Expected,Likely,No,Update,2026-09-21 04:41:08,2026-09-21 04:33:00,2026-09-21 07:33:00,"Thunderstorm with Moderate Rain is very likely to occur at most places over Ernakulam, Idukki, Kottayam, Malappuram, Palakkad, Thrissur in next 3 hours.",Kerala-SDMA,https://sachet.ndma.gov.in/cap_public_website/FetchXMLFile?identifier=1789945498146006
IN-1789945498146006_6,Idukki,Moderate Rain,Orange,2,severity,Severe,Expected,Likely,No,Update,2026-09-21 04:41:08,2026-09-21 04:33:00,2026-09-21 07:33:00,"Thunderstorm with Moderate Rain is very likely to occur at most places over Ernakulam, Idukki, Kottayam, Malappuram, Palakkad, Thrissur in next 3 hours.",Kerala-SDMA,https://sachet.ndma.gov.in/cap_public_website/FetchXMLFile?identifier=1789945498146006
IN-1789945498146006_6,Ernakulam,Moderate Rain,Orange,2,severity,Severe,Expected,Likely,No,Update,2026-09-21 04:41:08,2026-09-21 04:33:00,2026-09-21 07:33:00,"Thunderstorm with Moderate Rain is very likely to occur at most places over Ernakulam, Idukki, Kottayam, Malappuram, Palakkad, Thrissur in next 3 hours.",Kerala-SDMA,https://sachet.ndma.gov.in/cap_public_website/FetchXMLFile?identifier=1789945498146006
IN-1789945498146006_6,Thrissur,Moderate Rain,Orange,2,severity,Severe,Expected,Likely,No,Update,2026-09-21 04:41:08,2026-09-21 04:33:00,2026-09-21 07:33:00,"Thunderstorm with Moderate Rain is very likely to occur at most places over Ernakulam, Idukki, Kottayam, Malappuram, Palakkad, Thrissur in next 3 hours.",Kerala-SDMA,https://sachet.ndma.gov.in/cap_public_website/FetchXMLFile?identifier=1789945498146006
IN-1789945498146006_6,Palakkad,Moderate Rain,Orange,2,severity,Severe,Expected,Likely,No,Update,2026-09-21 04:41:08,2026-09-21 04:33:00,2026-09-21 07:33:00,"Thunderstorm with Moderate Rain is very likely to occur at most places over Ernakulam, Idukki, Kottayam, Malappuram, Palakkad, Thrissur in next 3 hours.",Kerala-SDMA,https://sachet.ndma.gov.in/cap_public_website/FetchXMLFile?identifier=1789945498146006
IN-1789945498146006_6,Malappuram,Moderate Rain,Orange,2,severity,Severe,Expected,Likely,No,Update,2026-09-21 04:41:08,2026-09-21 04:33:00,2026-09-21 07:33:00,"Thunderstorm with Moderate Rain is very likely to occur at most places over Ernakulam, Idukki, Kottayam, Malappuram, Palakkad, Thrissur in next 3 hours.",Kerala-SDMA,https://sachet.ndma.gov.in/cap_public_website/FetchXMLFile?identifier=1789945498146006
IN-1789934594754006_6,Idukki,Moderate Rain,Orange,2,severity,Severe,Expected,Likely,No,Update,2026-09-21 01:37:43,2026-09-21 01:29:00,2026-09-21 04:29:00,"Thunderstorm with Moderate rainfall (5-15mm/ hour) with wind speed likely to be 40 Kmph (in Gusts)   is very likely to occur at isolated places in the districts of  Ernakulam, Idukki, Kannur, Kozhikode, Malappuram in next 3 hours.",Kerala-SDMA,https://sachet.ndma.gov.in/cap_public_website/FetchXMLFile?identifier=1789934594754006
IN-1789934594754006_6,Ernakulam,Moderate Rain,Orange,2,severity,Severe,Expected,Likely,No,Update,2026-09-21 01:37:43,2026-09-21 01:29:00,2026-09-21 04:29:00,"Thunderstorm with Moderate rainfall (5-15mm/ hour) with wind speed likely to be 40 Kmph (in Gusts)   is very likely to occur at isolated places in the districts of  Ernakulam, Idukki, Kannur, Kozhikode, Malappuram in next 3 hours.",Kerala-SDMA,https://sachet.ndma.gov.in/cap_public_website/FetchXMLFile?identifier=1789934594754006
IN-1789934594754006_6,Malappuram,Moderate Rain,Orange,2,severity,Severe,Expected,Likely,No,Update,2026-09-21 01:37:43,2026-09-21 01:29:00,2026-09-21 04:29:00,"Thunderstorm with Moderate rainfall (5-15mm/ hour) with wind speed likely to be 40 Kmph (in Gusts)   is very likely to occur at isolated places in the districts of  Ernakulam, Idukki, Kannur, Kozhikode, Malappuram in next 3 hours.",Kerala-SDMA,https://sachet.ndma.gov.in/cap_public_website/FetchXMLFile?identifier=1789934594754006
IN-1789934594754006_6,Kozhikode,Moderate Rain,Orange,2,severity,Severe,Expected,Likely,No,Update,2026-09-21 01:37:43,2026-09-21 01:29:00,2026-09-21 04:29:00,"Thunderstorm with Moderate rainfall (5-15mm/ hour) with wind speed likely to be 40 Kmph (in Gusts)   is very likely to occur at isolated places in the districts of  Ernakulam, Idukki, Kannur, Kozhikode, Malappuram in next 3 hours.",Kerala-SDMA,https://sachet.ndma.gov.in/cap_public_website/FetchXMLFile?identifier=1789934594754006
IN-1789934594754006_6,Kannur,Moderate Rain,Orange,2,severity,Severe,Expected,Likely,No,Update,2026-09-21 01:37:43,2026-09-21 01:29:00,2026-09-21 04:29:00,"Thunderstorm with Moderate rainfall (5-15mm/ hour) with wind speed likely to be 40 Kmph (in Gusts)   is very likely to occur at isolated places in the districts of  Ernakulam, Idukki, Kannur, Kozhikode, Malappuram in next 3 hours.",Kerala-SDMA,https://sachet.ndma.gov.in/cap_public_website/FetchXMLFile?identifier=1789934594754006
IN-1789925098402006_6,Pathanamthitta,Moderate Rain,Orange,2,severity,Severe,Expected,Likely,No,Update,2026-09-20 23:03:30,2026-09-20 22:00:00,2026-09-21 01:00:00,"Thunderstorm with Moderate rainfall (5-15mm/ hour) with wind speed likely to be 40 Kmph (in Gusts) is very likely to occur at a few places over Ernakulam, Idukki, Kottayam, Pathanamthitta, Thrissur in next 3 hours.",Kerala-SDMA,https://sachet.ndma.gov.in/cap_public_website/FetchXMLFile?identifier=1789925098402006
IN-1789925098402006_6,Kottayam,Moderate Rain,Orange,2,severity,Severe,Expected,Likely,No,Update,2026-09-20 23:03:30,2026-09-20 22:00:00,2026-09-21 01:00:00,"Thunderstorm with Moderate rainfall (5-15mm/ hour) with wind speed likely to be 40 Kmph (in Gusts) is very likely to occur at a few places over Ernakulam, Idukki, Kottayam, Pathanamthitta, Thrissur in next 3 hours.",Kerala-SDMA,https://sachet.ndma.gov.in/cap_public_website/FetchXMLFile?identifier=1789925098402006
IN-1789925098402006_6,Idukki,Moderate Rain,Orange,2,severity,Severe,Expected,Likely,No,Update,2026-09-20 23:03:30,2026-09-20 22:00:00,2026-09-21 01:00:00,"Thunderstorm with Moderate rainfall (5-15mm/ hour) with wind speed likely to be 40 Kmph (in Gusts) is very likely to occur at a few places over Ernakulam, Idukki, Kottayam, Pathanamthitta, Thrissur in next 3 hours.",Kerala-SDMA,https://sachet.ndma.gov.in/cap_public_website/FetchXMLFile?identifier=1789925098402006
IN-1789925098402006_6,Ernakulam,Moderate Rain,Orange,2,severity,Severe,Expected,Likely,No,Update,2026-09-20 23:03:30,2026-09-20 22:00:00,2026-09-21 01:00:00,"Thunderstorm with Moderate rainfall (5-15mm/ hour) with wind speed likely to be 40 Kmph (in Gusts) is very likely to occur at a few places over Ernakulam, Idukki, Kottayam, Pathanamthitta, Thrissur in next 3 hours.",Kerala-SDMA,https://sachet.ndma.gov.in/cap_public_website/FetchXMLFile?identifier=1789925098402006
IN-1789925098402006_6,Thrissur,Moderate Rain,Orange,2,severity,Severe,Expected,Likely,No,Update,2026-09-20 23:03:30,2026-09-20 22:00:00,2026-09-21 01:00:00,"Thunderstorm with Moderate rainfall (5-15mm/ hour) with wind speed likely to be 40 Kmph (in Gusts) is very likely to occur at a few places over Ernakulam, Idukki, Kottayam, Pathanamthitta, Thrissur in next 3 hours.",Kerala-SDMA,https://sachet.ndma.gov.in/cap_public_website/FetchXMLFile?identifier=1789925098402006
IN-1789910046392006_6,Kottayam,Very Heavy Rain,Orange,2,event,Severe,Expected,Likely,No,Update,2026-09-20 18:54:08,2026-09-20 18:41:00,2026-09-21 08:30:00,"Very Heavy Rain is very likely to occur at isolated places over Idukki, Kottayam in next 24 hours.",Kerala-SDMA,https://sachet.ndma.gov.in/cap_public_website/FetchXMLFile?identifier=1789910046392006
IN-1789910046392006_6,Idukki,Very Heavy Rain,Orange,2,event,Severe,Expected,Likely,No,Update,2026-09-20 18:54:08,2026-09-20 18:41:00,2026-09-21 08:30:00,"Very Heavy Rain is very likely to occur at isolated places over Idukki, Kottayam in next 24 hours.",Kerala-SDMA,https://sachet.ndma.gov.in/cap_public_website/FetchXMLFile?identifier=1789910046392006
IN-1789814528251006_6,Idukki,Moderate Rain,Orange,2,severity,Severe,Expected,Likely,No,Update,2026-09-19 16:19:38,2026-09-19 16:10:00,2026-09-19 19:10:00,Thunderstorm with Moderate rainfall (5-15mm/ hour) with wind speed likely to be 40 Kmph (in Gusts) at isolated places in  Idukki    District in next 3 hours.,Kerala-SDMA,https://sachet.ndma.gov.in/cap_public_website/FetchXMLFile?identifier=1789814528251006
IN-1787763350097006_6,Idukki,Moderate Rain,Orange,2,severity,Severe,Expected,Likely,No,Update,2026-08-26 22:34:45,2026-08-26 22:00:00,2026-08-27 01:00:00,"Moderate rainfall (5-15mm/ hour) with wind speed likely to be 40-50 Kmph (in Gusts) at isolated places in Kasargod,Thrissur, Ernakulam and Idukki Districts.",Kerala-SDMA,https://sachet.ndma.gov.in/cap_public_website/FetchXMLFile?identifier=1787763350097006
IN-1787763350097006_6,Ernakulam,Moderate Rain,Orange,2,severity,Severe,Expected,Likely,No,Update,2026-08-26 22:34:45,2026-08-26 22:00:00,2026-08-27 01:00:00,"Moderate rainfall (5-15mm/ hour) with wind speed likely to be 40-50 Kmph (in Gusts) at isolated places in Kasargod,Thrissur, Ernakulam and Idukki Districts.",Kerala-SDMA,https://sachet.ndma.gov.in/cap_public_website/FetchXMLFile?identifier=1787763350097006
IN-1787763350097006_6,Thrissur,Moderate Rain,Orange,2,severity,Severe,Expected,Likely,No,Update,2026-08-26 22:34:45,2026-08-26 22:00:00,2026-08-27 01:00:00,"Moderate rainfall (5-15mm/ hour) with wind speed likely to be 40-50 Kmph (in Gusts) at isolated places in Kasargod,Thrissur, Ernakulam and Idukki Districts.",Kerala-SDMA,https://sachet.ndma.gov.in/cap_public_website/FetchXMLFile?identifier=1787763350097006
IN-1787763350097006_6,Kasaragod,Moderate Rain,Orange,2,severity,Severe,Expected,Likely,No,Update,2026-08-26 22:34:45,2026-08-26 22:00:00,2026-08-27 01:00:00,"Moderate rainfall (5-15mm/ hour) with wind speed likely to be 40-50 Kmph (in Gusts) at isolated places in Kasargod,Thrissur, Ernakulam and Idukki Districts.",Kerala-SDMA,https://sachet.ndma.gov.in/cap_public_website/FetchXMLFile?identifier=1787763350097006
IN-1787745068196006_6,Pathanamthitta,Very Heavy Rain,Orange,2,event,Severe,Expected,Likely,No,Update,2026-08-26 17:31:58,2026-08-26 17:19:00,2026-08-27 08:30:00,"Very Heavy Rain is very likely to occur at isolated places over Ernakulam, Idukki, Kottayam, Pathanamthitta in next 24 hours.",Kerala-SDMA,https://sachet.ndma.gov.in/cap_public_website/FetchXMLFile?identifier=1787745068196006
IN-1787745068196006_6,Kottayam,Very Heavy Rain,Orange,2,event,Severe,Expected,Likely,No,Update,2026-08-26 17:31:58,2026-08-26 17:19:00,2026-08-27 08:30:00,"Very Heavy Rain is very likely to occur at isolated places over Ernakulam, Idukki, Kottayam, Pathanamthitta in next 24 hours.",Kerala-SDMA,https://sachet.ndma.gov.in/cap_public_website/FetchXMLFile?identifier=1787745068196006
IN-1787745068196006_6,Idukki,Very Heavy Rain,Orange,2,event,Severe,Expected,Likely,No,Update,2026-08-26 17:31:58,2026-08-26 17:19:00,2026-08-27 08:30:00,"Very Heavy Rain is very likely to occur at isolated places over Ernakulam, Idukki, Kottayam, Pathanamthitta in next 24 hours.",Kerala-SDMA,https://sachet.ndma.gov.in/cap_public_website/FetchXMLFile?identifier=1787745068196006
IN-1787745068196006_6,Ernakulam,Very Heavy Rain,Orange,2,event,Severe,Expected,Likely,No,Update,2026-08-26 17:31:58,2026-08-26 17:19:00,2026-08-27 08:30:00,"Very Heavy Rain is very likely to occur at isolated places over Ernakulam, Idukki, Kottayam, Pathanamthitta in next 24 hours.",Kerala-SDMA,https://sachet.ndma.gov.in/cap_public_website/FetchXMLFile?identifier=1787745068196006
IN-1787744933209006_6,Thiruvananthapuram,Heavy Rain,Yellow,1,event,Severe,Expected,Likely,No,Update,2026-08-26 17:24:48,2026-08-26 17:12:00,2026-08-26 19:00:00,Thunderstorm with heavy rainfall (&gt;15 mm/ hr) and  gusty winds speed reaching 40 Kmph is likely at one or two places in the districts of Thiruvananthapuram and Kollam in next 3 hours.,Kerala-SDMA,https://sachet.ndma.gov.in/cap_public_website/FetchXMLFile?identifier=1787744933209006
IN-1787744933209006_6,Kollam,Heavy Rain,Yellow,1,event,Severe,Expected,Likely,No,Update,2026-08-26 17:24:48,2026-08-26 17:12:00,2026-08-26 19:00:00,Thunderstorm with heavy rainfall (&gt;15 mm/ hr) and  gusty winds speed reaching 40 Kmph is likely at one or two places in the districts of Thiruvananthapuram and Kollam in next 3 hours.,Kerala-SDMA,https://sachet.ndma.gov.in/cap_public_website/FetchXMLFile?identifier=1787744933209006
IN-1787732261761006_6,Pathanamthitta,Flash Flood,Yellow,1,severity,Moderate,Expected,Likely,Yes,Update,2026-08-26 13:54:57,2026-08-26 13:42:00,2026-08-27 13:42:00,"Flash Flood is very likely to occur at isolated places over Alappuzha, Idukki, Kottayam, Pathanamthitta, Palakkad, Thrissur, Kannur, Kasaragod, Wayanad in next 24 hours.",Kerala-SDMA,https://sachet.ndma.gov.in/cap_public_website/FetchXMLFile?identifier=1787732261761006
IN-1787732261761006_6,Alappuzha,Flash Flood,Yellow,1,severity,Moderate,Expected,Likely,Yes,Update,2026-08-26 13:54:57,2026-08-26 13:42:00,2026-08-27 13:42:00,"Flash Flood is very likely to occur at isolated places over Alappuzha, Idukki, Kottayam, Pathanamthitta, Palakkad, Thrissur, Kannur, Kasaragod, Wayanad in next 24 hours.",Kerala-SDMA,https://sachet.ndma.gov.in/cap_public_website/FetchXMLFile?identifier=1787732261761006
IN-1787732261761006_6,Kottayam,Flash Flood,Yellow,1,severity,Moderate,Expected,Likely,Yes,Update,2026-08-26 13:54:57,2026-08-26 13:42:00,2026-08-27 13:42:00,"Flash Flood is very likely to occur at isolated places over Alappuzha, Idukki, Kottayam, Pathanamthitta, Palakkad, Thrissur, Kannur, Kasaragod, Wayanad in next 24 hours.",Kerala-SDMA,https://sachet.ndma.gov.in/cap_public_website/FetchXMLFile?identifier=1787732261761006
IN-1787732261761006_6,Idukki,Flash Flood,Yellow,1,severity,Moderate,Expected,Likely,Yes,Update,2026-08-26 13:54:57,2026-08-26 13:42:00,2026-08-27 13:42:00,"Flash Flood is very likely to occur at isolated places over Alappuzha, Idukki, Kottayam, Pathanamthitta, Palakkad, Thrissur, Kannur, Kasaragod, Wayanad in next 24 hours.",Kerala-SDMA,https://sachet.ndma.gov.in/cap_public_website/FetchXMLFile?identifier=1787732261761006
IN-1787732261761006_6,Thrissur,Flash Flood,Yellow,1,severity,Moderate,Expected,Likely,Yes,Update,2026-08-26 13:54:57,2026-08-26 13:42:00,2026-08-27 13:42:00,"Flash Flood is very likely to occur at isolated places over Alappuzha, Idukki, Kottayam, Pathanamthitta, Palakkad, Thrissur, Kannur, Kasaragod, Wayanad in next 24 hours.",Kerala-SDMA,https://sachet.ndma.gov.in/cap_public_website/FetchXMLFile?identifier=1787732261761006
IN-1787732261761006_6,Palakkad,Flash Flood,Yellow,1,severity,Moderate,Expected,Likely,Yes,Update,2026-08-26 13:54:57,2026-08-26 13:42:00,2026-08-27 13:42:00,"Flash Flood is very likely to occur at isolated places over Alappuzha, Idukki, Kottayam, Pathanamthitta, Palakkad, Thrissur, Kannur, Kasaragod, Wayanad in next 24 hours.",Kerala-SDMA,https://sachet.ndma.gov.in/cap_public_website/FetchXMLFile?identifier=1787732261761006
IN-1787732261761006_6,Wayanad,Flash Flood,Yellow,1,severity,Moderate,Expected,Likely,Yes,Update,2026-08-26 13:54:57,2026-08-26 13:42:00,2026-08-27 13:42:00,"Flash Flood is very likely to occur at isolated places over Alappuzha, Idukki, Kottayam, Pathanamthitta, Palakkad, Thrissur, Kannur, Kasaragod, Wayanad in next 24 hours.",Kerala-SDMA,https://sachet.ndma.gov.in/cap_public_website/FetchXMLFile?identifier=1787732261761006
IN-1787732261761006_6,Kannur,Flash Flood,Yellow,1,severity,Moderate,Expected,Likely,Yes,Update,2026-08-26 13:54:57,2026-08-26 13:42:00,2026-08-27 13:42:00,"Flash Flood is very likely to occur at isolated places over Alappuzha, Idukki, Kottayam, Pathanamthitta, Palakkad, Thrissur, Kannur, Kasaragod, Wayanad in next 24 hours.",Kerala-SDMA,https://sachet.ndma.gov.in/cap_public_website/FetchXMLFile?identifier=1787732261761006
IN-1787732261761006_6,Kasaragod,Flash Flood,Yellow,1,severity,Moderate,Expected,Likely,Yes,Update,2026-08-26 13:54:57,2026-08-26 13:42:00,2026-08-27 13:42:00,"Flash Flood is very likely to occur at isolated places over Alappuzha, Idukki, Kottayam, Pathanamthitta, Palakkad, Thrissur, Kannur, Kasaragod, Wayanad in next 24 hours.",Kerala-SDMA,https://sachet.ndma.gov.in/cap_public_website/FetchXMLFile?identifier=1787732261761006
IN-1790249901875006_6,Malappuram,Flash Flood,Yellow,1,severity,Moderate,Expected,Likely,Yes,Update,2026-09-24 18:38:16,2026-09-24 17:05:00,2026-09-25 08:30:00,"Flash Flood is very likely to occur at isolated places over Kannur, Kasaragod, Kozhikode, Malappuram, Wayanad in next 24 hours.",Kerala-SDMA,https://sachet.ndma.gov.in/cap_public_website/FetchXMLFile?identifier=1790249901875006
IN-1790249901875006_6,Kozhikode,Flash Flood,Yellow,1,severity,Moderate,Expected,Likely,Yes,Update,2026-09-24 18:38:16,2026-09-24 17:05:00,2026-09-25 08:30:00,"Flash Flood is very likely to occur at isolated places over Kannur, Kasaragod, Kozhikode, Malappuram, Wayanad in next 24 hours.",Kerala-SDMA,https://sachet.ndma.gov.in/cap_public_website/FetchXMLFile?identifier=1790249901875006
IN-1790249901875006_6,Wayanad,Flash Flood,Yellow,1,severity,Moderate,Expected,Likely,Yes,Update,2026-09-24 18:38:16,2026-09-24 17:05:00,2026-09-25 08:30:00,"Flash Flood is very likely to occur at isolated places over Kannur, Kasaragod, Kozhikode, Malappuram, Wayanad in next 24 hours.",Kerala-SDMA,https://sachet.ndma.gov.in/cap_public_website/FetchXMLFile?identifier=1790249901875006
IN-1790249901875006_6,Kannur,Flash Flood,Yellow,1,severity,Moderate,Expected,Likely,Yes,Update,2026-09-24 18:38:16,2026-09-24 17:05:00,2026-09-25 08:30:00,"Flash Flood is very likely to occur at isolated places over Kannur, Kasaragod, Kozhikode, Malappuram, Wayanad in next 24 hours.",Kerala-SDMA,https://sachet.ndma.gov.in/cap_public_website/FetchXMLFile?identifier=1790249901875006
IN-1790249901875006_6,Kasaragod,Flash Flood,Yellow,1,severity,Moderate,Expected,Likely,Yes,Update,2026-09-24 18:38:16,2026-09-24 17:05:00,2026-09-25 08:30:00,"Flash Flood is very likely to occur at isolated places over Kannur, Kasaragod, Kozhikode, Malappuram, Wayanad in next 24 hours.",Kerala-SDMA,https://sachet.ndma.gov.in/cap_public_website/FetchXMLFile?identifier=1790249901875006
IN-1790247574978006_6,Kannur,Very Heavy Rain,Orange,2,event,Severe,Expected,Likely,No,Update,2026-09-24 17:05:26,2026-09-24 16:27:00,2026-09-25 08:30:00,"Very Heavy Rain is very likely to occur at a few places over Kannur, Kasaragod in next 24 hours.",Kerala-SDMA,https://sachet.ndma.gov.in/cap_public_website/FetchXMLFile?identifier=1790247574978006
IN-1790247574978006_6,Kasaragod,Very Heavy Rain,Orange,2,event,Severe,Expected,Likely,No,Update,2026-09-24 17:05:26,2026-09-24 16:27:00,2026-09-25 08:30:00,"Very Heavy Rain is very likely to occur at a few places over Kannur, Kasaragod in next 24 hours.",Kerala-SDMA,https://sachet.ndma.gov.in/cap_public_website/FetchXMLFile?identifier=1790247574978006
IN-1790247355088006_6,Kannur,Moderate Rain,Orange,2,severity,Severe,Expected,Likely,No,Update,2026-09-24 16:36:10,2026-09-24 16:24:00,2026-09-24 19:24:00,"Thunderstorm with Moderate rainfall (5-15mm/ hour) with wind speed likely to be 40 Kmph (in Gusts) is very likely to occur at a few places over Kannur, Kasaragod in next 3 hours.",Kerala-SDMA,https://sachet.ndma.gov.in/cap_public_website/FetchXMLFile?identifier=1790247355088006
IN-1790247355088006_6,Kasaragod,Moderate Rain,Orange,2,severity,Severe,Expected,Likely,No,Update,2026-09-24 16:36:10,2026-09-24 16:24:00,2026-09-24 19:24:00,"Thunderstorm with Moderate rainfall (5-15mm/ hour) with wind speed likely to be 40 Kmph (in Gusts) is very likely to occur at a few places over Kannur, Kasaragod in next 3 hours.",Kerala-SDMA,https://sachet.ndma.gov.in/cap_public_website/FetchXMLFile?identifier=1790247355088006
IN-1790295741842006_6,Kasaragod,Heavy Rain,Yellow,1,event,Severe,Expected,Likely,No,Update,2026-09-25 05:57:39,2026-09-25 05:30:00,2026-09-25 08:30:00,Thunderstorm with moderate to heavy rainfall  with gusty winds speed reaching 40 Kmph is likely at one or two places in the district  Kasaragode,Kerala-SDMA,https://sachet.ndma.gov.in/cap_public_website/FetchXMLFile?identifier=1790295741842006
IN-1790307815691006_6,Kozhikode,Moderate Rain,Orange,2,severity,Severe,Expected,Likely,No,Update,2026-09-25 09:17:57,2026-09-25 09:10:00,2026-09-25 12:10:00,"Thunderstorm with Moderate Rain(5-15mm/hr) and gusty wind speed reaching 40 kmph is very likely to occur at a few places over Kannur, Kozhikode, Wayanad in next 3 hours.",Kerala-SDMA,https://sachet.ndma.gov.in/cap_public_website/FetchXMLFile?identifier=1790307815691006
IN-1790307815691006_6,Wayanad,Moderate Rain,Orange,2,severity,Severe,Expected,Likely,No,Update,2026-09-25 09:17:57,2026-09-25 09:10:00,2026-09-25 12:10:00,"Thunderstorm with Moderate Rain(5-15mm/hr) and gusty wind speed reaching 40 kmph is very likely to occur at a few places over Kannur, Kozhikode, Wayanad in next 3 hours.",Kerala-SDMA,https://sachet.ndma.gov.in/cap_public_website/FetchXMLFile?identifier=1790307815691006
IN-1790307815691006_6,Kannur,Moderate Rain,Orange,2,severity,Severe,Expected,Likely,No,Update,2026-09-25 09:17:57,2026-09-25 09:10:00,2026-09-25 12:10:00,"Thunderstorm with Moderate Rain(5-15mm/hr) and gusty wind speed reaching 40 kmph is very likely to occur at a few places over Kannur, Kozhikode, Wayanad in next 3 hours.",Kerala-SDMA,https://sachet.ndma.gov.in/cap_public_website/FetchXMLFile?identifier=1790307815691006
IN-1790358812854006_6,Thiruvananthapuram,SDMA Alert,Red,3,severity,Extreme,Immediate,Possible,No,Alert,2026-09-25 23:23:32,2026-09-25 23:15:00,2026-09-26 23:15:00,"Swell Surge WARNING for the coast of ALLEPPEY ALAPPUZHA, BEYPORE, COCHIN, KANNUR, KASARAGOD, QUILON, TRIVANDRUM, VADANAPPALLY, VAKKAD. Swell waves in the range of 17-24 sec period with 1.0-1.5 m height are forecasted during 2:30 hours on 26-9-2026 to 2:30 hours on 28-9-2026.",Kerala-SDMA,https://sachet.ndma.gov.in/cap_public_website/FetchXMLFile?identifier=1790358812854006
IN-1790358812854006_6,Kollam,SDMA Alert,Red,3,severity,Extreme,Immediate,Possible,No,Alert,2026-09-25 23:23:32,2026-09-25 23:15:00,2026-09-26 23:15:00,"Swell Surge WARNING for the coast of ALLEPPEY ALAPPUZHA, BEYPORE, COCHIN, KANNUR, KASARAGOD, QUILON, TRIVANDRUM, VADANAPPALLY, VAKKAD. Swell waves in the range of 17-24 sec period with 1.0-1.5 m height are forecasted during 2:30 hours on 26-9-2026 to 2:30 hours on 28-9-2026.",Kerala-SDMA,https://sachet.ndma.gov.in/cap_public_website/FetchXMLFile?identifier=1790358812854006
IN-1790358812854006_6,Alappuzha,SDMA Alert,Red,3,severity,Extreme,Immediate,Possible,No,Alert,2026-09-25 23:23:32,2026-09-25 23:15:00,2026-09-26 23:15:00,"Swell Surge WARNING for the coast of ALLEPPEY ALAPPUZHA, BEYPORE, COCHIN, KANNUR, KASARAGOD, QUILON, TRIVANDRUM, VADANAPPALLY, VAKKAD. Swell waves in the range of 17-24 sec period with 1.0-1.5 m height are forecasted during 2:30 hours on 26-9-2026 to 2:30 hours on 28-9-2026.",Kerala-SDMA,https://sachet.ndma.gov.in/cap_public_website/FetchXMLFile?identifier=1790358812854006
IN-1790358812854006_6,Kannur,SDMA Alert,Red,3,severity,Extreme,Immediate,Possible,No,Alert,2026-09-25 23:23:32,2026-09-25 23:15:00,2026-09-26 23:15:00,"Swell Surge WARNING for the coast of ALLEPPEY ALAPPUZHA, BEYPORE, COCHIN, KANNUR, KASARAGOD, QUILON, TRIVANDRUM, VADANAPPALLY, VAKKAD. Swell waves in the range of 17-24 sec period with 1.0-1.5 m height are forecasted during 2:30 hours on 26-9-2026 to 2:30 hours on 28-9-2026.",Kerala-SDMA,https://sachet.ndma.gov.in/cap_public_website/FetchXMLFile?identifier=1790358812854006
IN-1790358812854006_6,Kasaragod,SDMA Alert,Red,3,severity,Extreme,Immediate,Possible,No,Alert,2026-09-25 23:23:32,2026-09-25 23:15:00,2026-09-26 23:15:00,"Swell Surge WARNING for the coast of ALLEPPEY ALAPPUZHA, BEYPORE, COCHIN, KANNUR, KASARAGOD, QUILON, TRIVANDRUM, VADANAPPALLY, VAKKAD. Swell waves in the range of 17-24 sec period with 1.0-1.5 m height are forecasted during 2:30 hours on 26-9-2026 to 2:30 hours on 28-9-2026.",Kerala-SDMA,https://sachet.ndma.gov.in/cap_public_website/FetchXMLFile?identifier=1790358812854006
IN-1790347362735006_6,Thiruvananthapuram,Swell Surge Warning,Red,3,severity,Extreme,Immediate,Possible,No,Update,2026-09-25 20:40:16,2026-09-26 02:30:00,2026-09-28 02:30:00,"Swell Surge WARNING for the coast of ALLEPPEY ALAPPUZHA, BEYPORE, COCHIN, KANNUR, KASARAGOD, QUILON, TRIVANDRUM, VADANAPPALLY, VAKKAD. Swell waves in the range of 17-24 sec period with 1.0-1.5 m height are forecasted during 2:30 hours on 26-9-2026 to 2:30 hours on 28-9-2026.",Kerala-SDMA,https://sachet.ndma.gov.in/cap_public_website/FetchXMLFile?identifier=1790347362735006
IN-1790347362735006_6,Kollam,Swell Surge Warning,Red,3,severity,Extreme,Immediate,Possible,No,Update,2026-09-25 20:40:16,2026-09-26 02:30:00,2026-09-28 02:30:00,"Swell Surge WARNING for the coast of ALLEPPEY ALAPPUZHA, BEYPORE, COCHIN, KANNUR, KASARAGOD, QUILON, TRIVANDRUM, VADANAPPALLY, VAKKAD. Swell waves in the range of 17-24 sec period with 1.0-1.5 m height are forecasted during 2:30 hours on 26-9-2026 to 2:30 hours on 28-9-2026.",Kerala-SDMA,https://sachet.ndma.gov.in/cap_public_website/FetchXMLFile?identifier=1790347362735006
IN-1790347362735006_6,Alappuzha,Swell Surge Warning,Red,3,severity,Extreme,Immediate,Possible,No,Update,2026-09-25 20:40:16,2026-09-26 02:30:00,2026-09-28 02:30:00,"Swell Surge WARNING for the coast of ALLEPPEY ALAPPUZHA, BEYPORE, COCHIN, KANNUR, KASARAGOD, QUILON, TRIVANDRUM, VADANAPPALLY, VAKKAD. Swell waves in the range of 17-24 sec period with 1.0-1.5 m height are forecasted during 2:30 hours on 26-9-2026 to 2:30 hours on 28-9-2026.",Kerala-SDMA,https://sachet.ndma.gov.in/cap_public_website/FetchXMLFile?identifier=1790347362735006
IN-1790347362735006_6,Kannur,Swell Surge Warning,Red,3,severity,Extreme,Immediate,Possible,No,Update,2026-09-25 20:40:16,2026-09-26 02:30:00,2026-09-28 02:30:00,"Swell Surge WARNING for the coast of ALLEPPEY ALAPPUZHA, BEYPORE, COCHIN, KANNUR, KASARAGOD, QUILON, TRIVANDRUM, VADANAPPALLY, VAKKAD. Swell waves in the range of 17-24 sec period with 1.0-1.5 m height are forecasted during 2:30 hours on 26-9-2026 to 2:30 hours on 28-9-2026.",Kerala-SDMA,https://sachet.ndma.gov.in/cap_public_website/FetchXMLFile?identifier=1790347362735006
IN-1790347362735006_6,Kasaragod,Swell Surge Warning,Red,3,severity,Extreme,Immediate,Possible,No,Update,2026-09-25 20:40:16,2026-09-26 02:30:00,2026-09-28 02:30:00,"Swell Surge WARNING for the coast of ALLEPPEY ALAPPUZHA, BEYPORE, COCHIN, KANNUR, KASARAGOD, QUILON, TRIVANDRUM, VADANAPPALLY, VAKKAD. Swell waves in the range of 17-24 sec period with 1.0-1.5 m height are forecasted during 2:30 hours on 26-9-2026 to 2:30 hours on 28-9-2026.",Kerala-SDMA,https://sachet.ndma.gov.in/cap_public_website/FetchXMLFile?identifier=1790347362735006
IN-1790845767642006_6,Thiruvananthapuram,Thunderstorm with Lightning,Red,3,severity,Extreme,Immediate,Likely,No,Update,2026-10-01 14:39:27,2026-10-01 14:30:00,2026-10-01 17:30:00,Thunderstorm with Heavy rainfall (>15mm/ hour) with wind speed likely to be 50 Kmph (in Gusts) at a few places in Thiruvananthapuram district in next 3 hours.,Kerala-SDMA,https://sachet.ndma.gov.in/cap_public_website/FetchXMLFile?identifier=1790845767642006
IN-1790844775807006_6,Idukki,Thunderstorm,Orange,2,severity,Severe,Expected,Likely,No,Update,2026-10-01 14:38:34,2026-10-01 14:21:00,2026-10-01 17:21:00,"Thunderstorm with Moderate rainfall (5-15mm/ hour) with wind speed likely to be 50 Kmph (in Gusts) at isolated places in Idukki, Palakkad and Malappuram districts in next 3 hours.",Kerala-SDMA,https://sachet.ndma.gov.in/cap_public_website/FetchXMLFile?identifier=1790844775807006
IN-1790844775807006_6,Palakkad,Thunderstorm,Orange,2,severity,Severe,Expected,Likely,No,Update,2026-10-01 14:38:34,2026-10-01 14:21:00,2026-10-01 17:21:00,"Thunderstorm with Moderate rainfall (5-15mm/ hour) with wind speed likely to be 50 Kmph (in Gusts) at isolated places in Idukki, Palakkad and Malappuram districts in next 3 hours.",Kerala-SDMA,https://sachet.ndma.gov.in/cap_public_website/FetchXMLFile?identifier=1790844775807006
IN-1790844775807006_6,Malappuram,Thunderstorm,Orange,2,severity,Severe,Expected,Likely,No,Update,2026-10-01 14:38:34,2026-10-01 14:21:00,2026-10-01 17:21:00,"Thunderstorm with Moderate rainfall (5-15mm/ hour) with wind speed likely to be 50 Kmph (in Gusts) at isolated places in Idukki, Palakkad and Malappuram districts in next 3 hours.",Kerala-SDMA,https://sachet.ndma.gov.in/cap_public_website/FetchXMLFile?identifier=1790844775807006
IN-1790842652999006_6,Thiruvananthapuram,Thunder shower with strong wind,Orange,2,severity,Severe,Expected,Likely,No,Update,2026-10-01 13:52:00,2026-10-01 13:44:00,2026-10-01 16:44:00,Thunderstorm with Moderate rainfall (5-15mm/ hour) with wind speed likely to be 50 Kmph (in Gusts) at isolated  places in Thiruvananthapuram district.,Kerala-SDMA,https://sachet.ndma.gov.in/cap_public_website/FetchXMLFile?identifier=1790842652999006
IN-1790840612356006_6,Pathanamthitta,Very Heavy Rain,Orange,2,event,Severe,Expected,Likely,No,Update,2026-10-01 13:18:27,2026-10-01 13:11:00,2026-10-02 13:11:00,"Very Heavy Rain is very likely to occur at isolated places over Idukki, Kottayam, Pathanamthitta till 0830 hrs on 02.10.2026",Kerala-SDMA,https://sachet.ndma.gov.in/cap_public_website/FetchXMLFile?identifier=1790840612356006
IN-1790840612356006_6,Kottayam,Very Heavy Rain,Orange,2,event,Severe,Expected,Likely,No,Update,2026-10-01 13:18:27,2026-10-01 13:11:00,2026-10-02 13:11:00,"Very Heavy Rain is very likely to occur at isolated places over Idukki, Kottayam, Pathanamthitta till 0830 hrs on 02.10.2026",Kerala-SDMA,https://sachet.ndma.gov.in/cap_public_website/FetchXMLFile?identifier=1790840612356006
IN-1790840612356006_6,Idukki,Very Heavy Rain,Orange,2,event,Severe,Expected,Likely,No,Update,2026-10-01 13:18:27,2026-10-01 13:11:00,2026-10-02 13:11:00,"Very Heavy Rain is very likely to occur at isolated places over Idukki, Kottayam, Pathanamthitta till 0830 hrs on 02.10.2026",Kerala-SDMA,https://sachet.ndma.gov.in/cap_public_website/FetchXMLFile?identifier=1790840612356006
IN-1790862592192006_6,Idukki,Thunderstorm with Lightning,Orange,2,severity,Severe,Expected,Likely,No,Update,2026-10-01 19:33:11,2026-10-01 19:18:00,2026-10-01 22:18:00,"Thunderstorm with Moderate rainfall (5-15mm/ hour) with wind speed likely to be 50 Kmph (in Gusts) at isolated places in Idukki, Thrissur, Palakkad and Malappuram districts in next 3 hours.",Kerala-SDMA,https://sachet.ndma.gov.in/cap_public_website/FetchXMLFile?identifier=1790862592192006
IN-1790862592192006_6,Thrissur,Thunderstorm with Lightning,Orange,2,severity,Severe,Expected,Likely,No,Update,2026-10-01 19:33:11,2026-10-01 19:18:00,2026-10-01 22:18:00,"Thunderstorm with Moderate rainfall (5-15mm/ hour) with wind speed likely to be 50 Kmph (in Gusts) at isolated places in Idukki, Thrissur, Palakkad and Malappuram districts in next 3 hours.",Kerala-SDMA,https://sachet.ndma.gov.in/cap_public_website/FetchXMLFile?identifier=1790862592192006
IN-1790862592192006_6,Palakkad,Thunderstorm with Lightning,Orange,2,severity,Severe,Expected,Likely,No,Update,2026-10-01 19:33:11,2026-10-01 19:18:00,2026-10-01 22:18:00,"Thunderstorm with Moderate rainfall (5-15mm/ hour) with wind speed likely to be 50 Kmph (in Gusts) at isolated places in Idukki, Thrissur, Palakkad and Malappuram districts in next 3 hours.",Kerala-SDMA,https://sachet.ndma.gov.in/cap_public_website/FetchXMLFile?identifier=1790862592192006
IN-1790862592192006_6,Malappuram,Thunderstorm with Lightning,Orange,2,severity,Severe,Expected,Likely,No,Update,2026-10-01 19:33:11,2026-10-01 19:18:00,2026-10-01 22:18:00,"Thunderstorm with Moderate rainfall (5-15mm/ hour) with wind speed likely to be 50 Kmph (in Gusts) at isolated places in Idukki, Thrissur, Palakkad and Malappuram districts in next 3 hours.",Kerala-SDMA,https://sachet.ndma.gov.in/cap_public_website/FetchXMLFile?identifier=1790862592192006
IN-1790854583073006_6,Palakkad,Thunderstorm with Lightning,Orange,2,severity,Severe,Expected,Likely,No,Update,2026-10-01 17:11:19,2026-10-01 17:04:00,2026-10-01 20:04:00,Thunderstorm with Moderate rainfall (5-15mm/ hour) with wind speed likely to be 50 Kmph (in Gusts) at isolated places in Palakkad  district in next 3 hours.,Kerala-SDMA,https://sachet.ndma.gov.in/cap_public_website/FetchXMLFile?identifier=1790854583073006
IN-1790852280776006_6,Wayanad,Thunderstorm with Lightning,Orange,2,severity,Severe,Expected,Likely,No,Update,2026-10-01 16:31:55,2026-10-01 16:26:00,2026-10-01 19:26:00,"Thunderstorm with Moderate rainfall (5-15mm/ hour) with wind speed likely to be 50 Kmph (in Gusts) at isolated places in  Wayanad, Kannur and Kasaragod  districts in next 3 hours.",Kerala-SDMA,https://sachet.ndma.gov.in/cap_public_website/FetchXMLFile?identifier=1790852280776006
IN-1790852280776006_6,Kannur,Thunderstorm with Lightning,Orange,2,severity,Severe,Expected,Likely,No,Update,2026-10-01 16:31:55,2026-10-01 16:26:00,2026-10-01 19:26:00,"Thunderstorm with Moderate rainfall (5-15mm/ hour) with wind speed likely to be 50 Kmph (in Gusts) at isolated places in  Wayanad, Kannur and Kasaragod  districts in next 3 hours.",Kerala-SDMA,https://sachet.ndma.gov.in/cap_public_website/FetchXMLFile?identifier=1790852280776006
IN-1790852280776006_6,Kasaragod,Thunderstorm with Lightning,Orange,2,severity,Severe,Expected,Likely,No,Update,2026-10-01 16:31:55,2026-10-01 16:26:00,2026-10-01 19:26:00,"Thunderstorm with Moderate rainfall (5-15mm/ hour) with wind speed likely to be 50 Kmph (in Gusts) at isolated places in  Wayanad, Kannur and Kasaragod  districts in next 3 hours.",Kerala-SDMA,https://sachet.ndma.gov.in/cap_public_website/FetchXMLFile?identifier=1790852280776006
IN-1790851850313006_6,Thiruvananthapuram,Thunderstorm with Lightning,Red,3,severity,Extreme,Immediate,Likely,No,Update,2026-10-01 16:20:50,2026-10-01 16:16:00,2026-10-01 19:16:00,"Thunderstorm with Lightning  with Heavy rainfall is very likely to occur at isolated places over Kollam, Pathanamthitta, Thiruvananthapuram in next 3 hours.",Kerala-SDMA,https://sachet.ndma.gov.in/cap_public_website/FetchXMLFile?identifier=1790851850313006
IN-1790851850313006_6,Kollam,Thunderstorm with Lightning,Red,3,severity,Extreme,Immediate,Likely,No,Update,2026-10-01 16:20:50,2026-10-01 16:16:00,2026-10-01 19:16:00,"Thunderstorm with Lightning  with Heavy rainfall is very likely to occur at isolated places over Kollam, Pathanamthitta, Thiruvananthapuram in next 3 hours.",Kerala-SDMA,https://sachet.ndma.gov.in/cap_public_website/FetchXMLFile?identifier=1790851850313006
IN-1790851850313006_6,Pathanamthitta,Thunderstorm with Lightning,Red,3,severity,Extreme,Immediate,Likely,No,Update,2026-10-01 16:20:50,2026-10-01 16:16:00,2026-10-01 19:16:00,"Thunderstorm with Lightning  with Heavy rainfall is very likely to occur at isolated places over Kollam, Pathanamthitta, Thiruvananthapuram in next 3 hours.",Kerala-SDMA,https://sachet.ndma.gov.in/cap_public_website/FetchXMLFile?identifier=1790851850313006
IN-1790851217027006_6,Thiruvananthapuram,Thunderstorm with Lightning,Orange,2,severity,Severe,Expected,Likely,No,Update,2026-10-01 16:16:54,2026-10-01 16:09:00,2026-10-01 19:09:00,"Thunderstorm with Moderate rainfall (5-15mm/ hour) with wind speed likely to be 50 Kmph (in Gusts) at isolated places in Thiruvananthapuram, Kollam, Alappuzha, Pathanamthitta, Kottayam, Idukki, Ernakulam,  districts in next 3 hours.",Kerala-SDMA,https://sachet.ndma.gov.in/cap_public_website/FetchXMLFile?identifier=1790851217027006
IN-1790851217027006_6,Kollam,Thunderstorm with Lightning,Orange,2,severity,Severe,Expected,Likely,No,Update,2026-10-01 16:16:54,2026-10-01 16:09:00,2026-10-01 19:09:00,"Thunderstorm with Moderate rainfall (5-15mm/ hour) with wind speed likely to be 50 Kmph (in Gusts) at isolated places in Thiruvananthapuram, Kollam, Alappuzha, Pathanamthitta, Kottayam, Idukki, Ernakulam,  districts in next 3 hours.",Kerala-SDMA,https://sachet.ndma.gov.in/cap_public_website/FetchXMLFile?identifier=1790851217027006
IN-1790851217027006_6,Pathanamthitta,Thunderstorm with Lightning,Orange,2,severity,Severe,Expected,Likely,No,Update,2026-10-01 16:16:54,2026-10-01 16:09:00,2026-10-01 19:09:00,"Thunderstorm with Moderate rainfall (5-15mm/ hour) with wind speed likely to be 50 Kmph (in Gusts) at isolated places in Thiruvananthapuram, Kollam, Alappuzha, Pathanamthitta, Kottayam, Idukki, Ernakulam,  districts in next 3 hours.",Kerala-SDMA,https://sachet.ndma.gov.in/cap_public_website/FetchXMLFile?identifier=1790851217027006
IN-1790851217027006_6,Alappuzha,Thunderstorm with Lightning,Orange,2,severity,Severe,Expected,Likely,No,Update,2026-10-01 16:16:54,2026-10-01 16:09:00,2026-10-01 19:09:00,"Thunderstorm with Moderate rainfall (5-15mm/ hour) with wind speed likely to be 50 Kmph (in Gusts) at isolated places in Thiruvananthapuram, Kollam, Alappuzha, Pathanamthitta, Kottayam, Idukki, Ernakulam,  districts in next 3 hours.",Kerala-SDMA,https://sachet.ndma.gov.in/cap_public_website/FetchXMLFile?identifier=1790851217027006
IN-1790851217027006_6,Kottayam,Thunderstorm with Lightning,Orange,2,severity,Severe,Expected,Likely,No,Update,2026-10-01 16:16:54,2026-10-01 16:09:00,2026-10-01 19:09:00,"Thunderstorm with Moderate rainfall (5-15mm/ hour) with wind speed likely to be 50 Kmph (in Gusts) at isolated places in Thiruvananthapuram, Kollam, Alappuzha, Pathanamthitta, Kottayam, Idukki, Ernakulam,  districts in next 3 hours.",Kerala-SDMA,https://sachet.ndma.gov.in/cap_public_website/FetchXMLFile?identifier=1790851217027006
IN-1790851217027006_6,Idukki,Thunderstorm with Lightning,Orange,2,severity,Severe,Expected,Likely,No,Update,2026-10-01 16:16:54,2026-10-01 16:09:00,2026-10-01 19:09:00,"Thunderstorm with Moderate rainfall (5-15mm/ hour) with wind speed likely to be 50 Kmph (in Gusts) at isolated places in Thiruvananthapuram, Kollam, Alappuzha, Pathanamthitta, Kottayam, Idukki, Ernakulam,  districts in next 3 hours.",Kerala-SDMA,https://sachet.ndma.gov.in/cap_public_website/FetchXMLFile?identifier=1790851217027006
IN-1790851217027006_6,Ernakulam,Thunderstorm with Lightning,Orange,2,severity,Severe,Expected,Likely,No,Update,2026-10-01 16:16:54,2026-10-01 16:09:00,2026-10-01 19:09:00,"Thunderstorm with Moderate rainfall (5-15mm/ hour) with wind speed likely to be 50 Kmph (in Gusts) at isolated places in Thiruvananthapuram, Kollam, Alappuzha, Pathanamthitta, Kottayam, Idukki, Ernakulam,  districts in next 3 hours.",Kerala-SDMA,https://sachet.ndma.gov.in/cap_public_website/FetchXMLFile?identifier=1790851217027006
IN-1790848145555006_6,Thiruvananthapuram,Thunderstorm with Lightning,Red,3,severity,Extreme,Immediate,Likely,No,Update,2026-10-01 15:19:05,2026-10-01 15:16:00,2026-10-01 18:16:00,Thunderstorm with Lightning  with Heavy rainfall is very likely to occur at most places over Thiruvananthapuram in next 3 hours.,Kerala-SDMA,https://sachet.ndma.gov.in/cap_public_website/FetchXMLFile?identifier=1790848145555006
IN-1790934911955006_6,Thiruvananthapuram,Moderate Rain,Orange,2,severity,Severe,Expected,Likely,No,Update,2026-10-02 15:30:46,2026-10-02 15:16:00,2026-10-02 18:15:00,Thunderstorm with Moderate rainfall (5-15mm/ hour) with wind speed likely to be 50 Kmph (in Gusts) at isolated places in Thiruvananthapuram district in next 3 hours.,Kerala-SDMA,https://sachet.ndma.gov.in/cap_public_website/FetchXMLFile?identifier=1790934911955006
IN-1791112723245006_64,Kottayam,Moderate Thunderstorms,Orange,2,severity,Severe,Expected,Likely,No,Alert,2026-10-04 16:48:15,2026-10-04 16:46:00,2026-10-04 19:46:00,"Moderate Thunderstorms with Moderate rain (5-15mm/hr) and gusty wind speed reaching 50 kmph is very likely to occur at isolated places over Ernakulam, Kottayam,  Thrissur in next 3 hours.",IMD-Thiruvananthapuram,https://sachet.ndma.gov.in/cap_public_website/FetchXMLFile?identifier=1791112723245006
IN-1791112723245006_64,Ernakulam,Moderate Thunderstorms,Orange,2,severity,Severe,Expected,Likely,No,Alert,2026-10-04 16:48:15,2026-10-04 16:46:00,2026-10-04 19:46:00,"Moderate Thunderstorms with Moderate rain (5-15mm/hr) and gusty wind speed reaching 50 kmph is very likely to occur at isolated places over Ernakulam, Kottayam,  Thrissur in next 3 hours.",IMD-Thiruvananthapuram,https://sachet.ndma.gov.in/cap_public_website/FetchXMLFile?identifier=1791112723245006
IN-1791112723245006_64,Thrissur,Moderate Thunderstorms,Orange,2,severity,Severe,Expected,Likely,No,Alert,2026-10-04 16:48:15,2026-10-04 16:46:00,2026-10-04 19:46:00,"Moderate Thunderstorms with Moderate rain (5-15mm/hr) and gusty wind speed reaching 50 kmph is very likely to occur at isolated places over Ernakulam, Kottayam,  Thrissur in next 3 hours.",IMD-Thiruvananthapuram,https://sachet.ndma.gov.in/cap_public_website/FetchXMLFile?identifier=1791112723245006
