River,Lat,Lon,Date,Discharge,Period,Fetched_at
Periyar,10.1167,76.35,2026-09-11,199.91,Past,2026-10-11 02:20:21
Periyar,10.1167,76.35,2026-09-12,191.75,Past,2026-10-11 02:20:21
Periyar,10.1167,76.35,2026-09-13,178.06,Past,2026-10-11 02:20:21
Periyar,10.1167,76.35,2026-09-14,170.4,Past,2026-10-11 02:20:21
Periyar,10.1167,76.35,2026-09-15,162.68,Past,2026-10-11 02:20:21
Periyar,10.1167,76.35,2026-09-16,156.4,Past,2026-10-11 02:20:21
Periyar,10.1167,76.35,2026-09-17,156.04,Past,2026-10-11 02:20:21
Periyar,10.1167,76.35,2026-09-18,163.06,Past,2026-10-11 02:20:21
Periyar,10.1167,76.35,2026-09-19,168.04,Past,2026-10-11 02:20:21
Periyar,10.1167,76.35,2026-09-20,161.55,Past,2026-10-11 02:20:21
Periyar,10.1167,76.35,2026-09-21,161.55,Past,2026-10-11 02:20:21
Periyar,10.1167,76.35,2026-09-22,164.2,Past,2026-10-11 02:20:21
Periyar,10.1167,76.35,2026-09-23,158.59,Past,2026-10-11 02:20:21
Periyar,10.1167,76.35,2026-09-24,161.18,Past,2026-10-11 02:20:21
Periyar,10.1167,76.35,2026-09-25,162.31,Past,2026-10-11 02:20:21
Periyar,10.1167,76.35,2026-09-26,156.76,Past,2026-10-11 02:20:21
Periyar,10.1167,76.35,2026-09-27,148.62,Past,2026-10-11 02:20:21
Periyar,10.1167,76.35,2026-09-28,143.21,Past,2026-10-11 02:20:21
Periyar,10.1167,76.35,2026-09-29,135.46,Past,2026-10-11 02:20:21
Periyar,10.1167,76.35,2026-09-30,128.12,Past,2026-10-11 02:20:21
Periyar,10.1167,76.35,2026-10-01,122.59,Past,2026-10-11 02:20:21
Periyar,10.1167,76.35,2026-10-02,116.49,Past,2026-10-11 02:20:21
Periyar,10.1167,76.35,2026-10-03,114.61,Past,2026-10-11 02:20:21
Periyar,10.1167,76.35,2026-10-04,114.35,Past,2026-10-11 02:20:21
Periyar,10.1167,76.35,2026-10-05,117.03,Past,2026-10-11 02:20:21
Periyar,10.1167,76.35,2026-10-06,124.31,Past,2026-10-11 02:20:21
Periyar,10.1167,76.35,2026-10-07,126.64,Past,2026-10-11 02:20:21
Periyar,10.1167,76.35,2026-10-08,137.68,Past,2026-10-11 02:20:21
Periyar,10.1167,76.35,2026-10-09,148.62,Past,2026-10-11 02:20:21
Periyar,10.1167,76.35,2026-10-10,153.17,Past,2026-10-11 02:20:21
Periyar,10.1167,76.35,2026-10-11,165.72,Forecast,2026-10-11 02:20:21
Periyar,10.1167,76.35,2026-10-12,171.98,Forecast,2026-10-11 02:20:21
Periyar,10.1167,76.35,2026-10-13,172.78,Forecast,2026-10-11 02:20:21
Periyar,10.1167,76.35,2026-10-14,168.04,Forecast,2026-10-11 02:20:21
Periyar,10.1167,76.35,2026-10-15,161.93,Forecast,2026-10-11 02:20:21
Periyar,10.1167,76.35,2026-10-16,155.31,Forecast,2026-10-11 02:20:21
Periyar,10.1167,76.35,2026-10-17,151.76,Forecast,2026-10-11 02:20:21
Pamba,9.3167,76.6167,2026-09-11,74.51,Past,2026-10-11 02:20:21
Pamba,9.3167,76.6167,2026-09-12,72.11,Past,2026-10-11 02:20:21
Pamba,9.3167,76.6167,2026-09-13,67.55,Past,2026-10-11 02:20:21
Pamba,9.3167,76.6167,2026-09-14,64.16,Past,2026-10-11 02:20:21
Pamba,9.3167,76.6167,2026-09-15,60.8,Past,2026-10-11 02:20:21
Pamba,9.3167,76.6167,2026-09-16,58.16,Past,2026-10-11 02:20:21
Pamba,9.3167,76.6167,2026-09-17,57.48,Past,2026-10-11 02:20:21
Pamba,9.3167,76.6167,2026-09-18,56.81,Past,2026-10-11 02:20:21
Pamba,9.3167,76.6167,2026-09-19,54.34,Past,2026-10-11 02:20:21
Pamba,9.3167,76.6167,2026-09-20,54.08,Past,2026-10-11 02:20:21
Pamba,9.3167,76.6167,2026-09-21,53.08,Past,2026-10-11 02:20:21
Pamba,9.3167,76.6167,2026-09-22,54.59,Past,2026-10-11 02:20:21
Pamba,9.3167,76.6167,2026-09-23,55.49,Past,2026-10-11 02:20:21
Pamba,9.3167,76.6167,2026-09-24,60.38,Past,2026-10-11 02:20:21
Pamba,9.3167,76.6167,2026-09-25,62.68,Past,2026-10-11 02:20:21
Pamba,9.3167,76.6167,2026-09-26,61.37,Past,2026-10-11 02:20:21
Pamba,9.3167,76.6167,2026-09-27,58.84,Past,2026-10-11 02:20:21
Pamba,9.3167,76.6167,2026-09-28,58.16,Past,2026-10-11 02:20:21
Pamba,9.3167,76.6167,2026-09-29,55.75,Past,2026-10-11 02:20:21
Pamba,9.3167,76.6167,2026-09-30,52.83,Past,2026-10-11 02:20:21
Pamba,9.3167,76.6167,2026-10-01,50.88,Past,2026-10-11 02:20:21
Pamba,9.3167,76.6167,2026-10-02,48.09,Past,2026-10-11 02:20:21
Pamba,9.3167,76.6167,2026-10-03,47.19,Past,2026-10-11 02:20:21
Pamba,9.3167,76.6167,2026-10-04,49.82,Past,2026-10-11 02:20:21
Pamba,9.3167,76.6167,2026-10-05,52.83,Past,2026-10-11 02:20:21
Pamba,9.3167,76.6167,2026-10-06,58.43,Past,2026-10-11 02:20:21
Pamba,9.3167,76.6167,2026-10-07,61.37,Past,2026-10-11 02:20:21
Pamba,9.3167,76.6167,2026-10-08,63.27,Past,2026-10-11 02:20:21
Pamba,9.3167,76.6167,2026-10-09,69.79,Past,2026-10-11 02:20:21
Pamba,9.3167,76.6167,2026-10-10,73.47,Past,2026-10-11 02:20:21
Pamba,9.3167,76.6167,2026-10-11,78.98,Forecast,2026-10-11 02:20:21
Pamba,9.3167,76.6167,2026-10-12,96.5,Forecast,2026-10-11 02:20:21
Pamba,9.3167,76.6167,2026-10-13,99.0,Forecast,2026-10-11 02:20:21
Pamba,9.3167,76.6167,2026-10-14,98.54,Forecast,2026-10-11 02:20:21
Pamba,9.3167,76.6167,2026-10-15,94.94,Forecast,2026-10-11 02:20:21
Pamba,9.3167,76.6167,2026-10-16,90.2,Forecast,2026-10-11 02:20:21
Pamba,9.3167,76.6167,2026-10-17,88.33,Forecast,2026-10-11 02:20:21
Bharathapuzha,10.8439,76.0328,2026-09-11,101.8,Past,2026-10-11 02:20:21
Bharathapuzha,10.8439,76.0328,2026-09-12,96.95,Past,2026-10-11 02:20:21
Bharathapuzha,10.8439,76.0328,2026-09-13,90.83,Past,2026-10-11 02:20:21
Bharathapuzha,10.8439,76.0328,2026-09-14,85.7,Past,2026-10-11 02:20:21
Bharathapuzha,10.8439,76.0328,2026-09-15,80.47,Past,2026-10-11 02:20:21
Bharathapuzha,10.8439,76.0328,2026-09-16,78.43,Past,2026-10-11 02:20:21
Bharathapuzha,10.8439,76.0328,2026-09-17,80.66,Past,2026-10-11 02:20:21
Bharathapuzha,10.8439,76.0328,2026-09-18,81.22,Past,2026-10-11 02:20:21
Bharathapuzha,10.8439,76.0328,2026-09-19,85.1,Past,2026-10-11 02:20:21
Bharathapuzha,10.8439,76.0328,2026-09-20,81.79,Past,2026-10-11 02:20:21
Bharathapuzha,10.8439,76.0328,2026-09-21,81.99,Past,2026-10-11 02:20:21
Bharathapuzha,10.8439,76.0328,2026-09-22,85.9,Past,2026-10-11 02:20:21
Bharathapuzha,10.8439,76.0328,2026-09-23,87.51,Past,2026-10-11 02:20:21
Bharathapuzha,10.8439,76.0328,2026-09-24,77.16,Past,2026-10-11 02:20:21
Bharathapuzha,10.8439,76.0328,2026-09-25,80.28,Past,2026-10-11 02:20:21
Bharathapuzha,10.8439,76.0328,2026-09-26,75.03,Past,2026-10-11 02:20:21
Bharathapuzha,10.8439,76.0328,2026-09-27,72.79,Past,2026-10-11 02:20:21
Bharathapuzha,10.8439,76.0328,2026-09-28,74.16,Past,2026-10-11 02:20:21
Bharathapuzha,10.8439,76.0328,2026-09-29,70.94,Past,2026-10-11 02:20:21
Bharathapuzha,10.8439,76.0328,2026-09-30,66.61,Past,2026-10-11 02:20:21
Bharathapuzha,10.8439,76.0328,2026-10-01,63.27,Past,2026-10-11 02:20:21
Bharathapuzha,10.8439,76.0328,2026-10-02,60.38,Past,2026-10-11 02:20:21
Bharathapuzha,10.8439,76.0328,2026-10-03,59.81,Past,2026-10-11 02:20:21
Bharathapuzha,10.8439,76.0328,2026-10-04,62.53,Past,2026-10-11 02:20:21
Bharathapuzha,10.8439,76.0328,2026-10-05,58.43,Past,2026-10-11 02:20:21
Bharathapuzha,10.8439,76.0328,2026-10-06,59.95,Past,2026-10-11 02:20:21
Bharathapuzha,10.8439,76.0328,2026-10-07,61.66,Past,2026-10-11 02:20:21
Bharathapuzha,10.8439,76.0328,2026-10-08,67.71,Past,2026-10-11 02:20:21
Bharathapuzha,10.8439,76.0328,2026-10-09,75.74,Past,2026-10-11 02:20:21
Bharathapuzha,10.8439,76.0328,2026-10-10,73.3,Past,2026-10-11 02:20:21
Bharathapuzha,10.8439,76.0328,2026-10-11,74.86,Forecast,2026-10-11 02:20:21
Bharathapuzha,10.8439,76.0328,2026-10-12,73.47,Forecast,2026-10-11 02:20:21
Bharathapuzha,10.8439,76.0328,2026-10-13,76.8,Forecast,2026-10-11 02:20:21
Bharathapuzha,10.8439,76.0328,2026-10-14,73.13,Forecast,2026-10-11 02:20:21
Bharathapuzha,10.8439,76.0328,2026-10-15,69.79,Forecast,2026-10-11 02:20:21
Bharathapuzha,10.8439,76.0328,2026-10-16,65.37,Forecast,2026-10-11 02:20:21
Bharathapuzha,10.8439,76.0328,2026-10-17,62.68,Forecast,2026-10-11 02:20:21
Chalakudy,10.3,76.3333,2026-09-11,72.11,Past,2026-10-11 02:20:21
Chalakudy,10.3,76.3333,2026-09-12,68.66,Past,2026-10-11 02:20:21
Chalakudy,10.3,76.3333,2026-09-13,64.31,Past,2026-10-11 02:20:21
Chalakudy,10.3,76.3333,2026-09-14,60.94,Past,2026-10-11 02:20:21
Chalakudy,10.3,76.3333,2026-09-15,57.08,Past,2026-10-11 02:20:21
Chalakudy,10.3,76.3333,2026-09-16,55.62,Past,2026-10-11 02:20:21
Chalakudy,10.3,76.3333,2026-09-17,55.1,Past,2026-10-11 02:20:21
Chalakudy,10.3,76.3333,2026-09-18,51.12,Past,2026-10-11 02:20:21
Chalakudy,10.3,76.3333,2026-09-19,49.93,Past,2026-10-11 02:20:21
Chalakudy,10.3,76.3333,2026-09-20,48.43,Past,2026-10-11 02:20:21
Chalakudy,10.3,76.3333,2026-09-21,50.52,Past,2026-10-11 02:20:21
Chalakudy,10.3,76.3333,2026-09-22,49.23,Past,2026-10-11 02:20:21
Chalakudy,10.3,76.3333,2026-09-23,47.42,Past,2026-10-11 02:20:21
Chalakudy,10.3,76.3333,2026-09-24,47.31,Past,2026-10-11 02:20:21
Chalakudy,10.3,76.3333,2026-09-25,47.42,Past,2026-10-11 02:20:21
Chalakudy,10.3,76.3333,2026-09-26,45.03,Past,2026-10-11 02:20:21
Chalakudy,10.3,76.3333,2026-09-27,43.16,Past,2026-10-11 02:20:21
Chalakudy,10.3,76.3333,2026-09-28,41.85,Past,2026-10-11 02:20:21
Chalakudy,10.3,76.3333,2026-09-29,39.74,Past,2026-10-11 02:20:21
Chalakudy,10.3,76.3333,2026-09-30,37.73,Past,2026-10-11 02:20:21
Chalakudy,10.3,76.3333,2026-10-01,35.98,Past,2026-10-11 02:20:21
Chalakudy,10.3,76.3333,2026-10-02,34.32,Past,2026-10-11 02:20:21
Chalakudy,10.3,76.3333,2026-10-03,33.59,Past,2026-10-11 02:20:21
Chalakudy,10.3,76.3333,2026-10-04,33.12,Past,2026-10-11 02:20:21
Chalakudy,10.3,76.3333,2026-10-05,32.27,Past,2026-10-11 02:20:21
Chalakudy,10.3,76.3333,2026-10-06,32.81,Past,2026-10-11 02:20:21
Chalakudy,10.3,76.3333,2026-10-07,35.31,Past,2026-10-11 02:20:21
Chalakudy,10.3,76.3333,2026-10-08,37.82,Past,2026-10-11 02:20:21
Chalakudy,10.3,76.3333,2026-10-09,38.81,Past,2026-10-11 02:20:21
Chalakudy,10.3,76.3333,2026-10-10,38.99,Past,2026-10-11 02:20:21
Chalakudy,10.3,76.3333,2026-10-11,41.56,Forecast,2026-10-11 02:20:21
Chalakudy,10.3,76.3333,2026-10-12,44.5,Forecast,2026-10-11 02:20:21
Chalakudy,10.3,76.3333,2026-10-13,44.6,Forecast,2026-10-11 02:20:21
Chalakudy,10.3,76.3333,2026-10-14,43.16,Forecast,2026-10-11 02:20:21
Chalakudy,10.3,76.3333,2026-10-15,41.17,Forecast,2026-10-11 02:20:21
Chalakudy,10.3,76.3333,2026-10-16,39.27,Forecast,2026-10-11 02:20:21
Chalakudy,10.3,76.3333,2026-10-17,38.36,Forecast,2026-10-11 02:20:21
Karamana,8.5,77.0,2026-09-11,0.47,Past,2026-10-11 02:20:21
Karamana,8.5,77.0,2026-09-12,0.48,Past,2026-10-11 02:20:21
Karamana,8.5,77.0,2026-09-13,0.45,Past,2026-10-11 02:20:21
Karamana,8.5,77.0,2026-09-14,0.45,Past,2026-10-11 02:20:21
Karamana,8.5,77.0,2026-09-15,0.4,Past,2026-10-11 02:20:21
Karamana,8.5,77.0,2026-09-16,0.36,Past,2026-10-11 02:20:21
Karamana,8.5,77.0,2026-09-17,0.38,Past,2026-10-11 02:20:21
Karamana,8.5,77.0,2026-09-18,0.33,Past,2026-10-11 02:20:21
Karamana,8.5,77.0,2026-09-19,0.37,Past,2026-10-11 02:20:21
Karamana,8.5,77.0,2026-09-20,0.36,Past,2026-10-11 02:20:21
Karamana,8.5,77.0,2026-09-21,0.45,Past,2026-10-11 02:20:21
Karamana,8.5,77.0,2026-09-22,0.52,Past,2026-10-11 02:20:21
Karamana,8.5,77.0,2026-09-23,0.52,Past,2026-10-11 02:20:21
Karamana,8.5,77.0,2026-09-24,0.68,Past,2026-10-11 02:20:21
Karamana,8.5,77.0,2026-09-25,0.57,Past,2026-10-11 02:20:21
Karamana,8.5,77.0,2026-09-26,0.66,Past,2026-10-11 02:20:21
Karamana,8.5,77.0,2026-09-27,0.73,Past,2026-10-11 02:20:21
Karamana,8.5,77.0,2026-09-28,0.78,Past,2026-10-11 02:20:21
Karamana,8.5,77.0,2026-09-29,0.73,Past,2026-10-11 02:20:21
Karamana,8.5,77.0,2026-09-30,0.69,Past,2026-10-11 02:20:21
Karamana,8.5,77.0,2026-10-01,0.63,Past,2026-10-11 02:20:21
Karamana,8.5,77.0,2026-10-02,0.58,Past,2026-10-11 02:20:21
Karamana,8.5,77.0,2026-10-03,0.6,Past,2026-10-11 02:20:21
Karamana,8.5,77.0,2026-10-04,0.61,Past,2026-10-11 02:20:21
Karamana,8.5,77.0,2026-10-05,0.63,Past,2026-10-11 02:20:21
Karamana,8.5,77.0,2026-10-06,0.66,Past,2026-10-11 02:20:21
Karamana,8.5,77.0,2026-10-07,0.97,Past,2026-10-11 02:20:21
Karamana,8.5,77.0,2026-10-08,1.01,Past,2026-10-11 02:20:21
Karamana,8.5,77.0,2026-10-09,0.95,Past,2026-10-11 02:20:21
Karamana,8.5,77.0,2026-10-10,1.1,Past,2026-10-11 02:20:21
Karamana,8.5,77.0,2026-10-11,1.38,Forecast,2026-10-11 02:20:21
Karamana,8.5,77.0,2026-10-12,2.03,Forecast,2026-10-11 02:20:21
Karamana,8.5,77.0,2026-10-13,1.98,Forecast,2026-10-11 02:20:21
Karamana,8.5,77.0,2026-10-14,1.9,Forecast,2026-10-11 02:20:21
Karamana,8.5,77.0,2026-10-15,1.77,Forecast,2026-10-11 02:20:21
Karamana,8.5,77.0,2026-10-16,1.64,Forecast,2026-10-11 02:20:21
Karamana,8.5,77.0,2026-10-17,1.53,Forecast,2026-10-11 02:20:21
