District,Lat,Lon,Date,Rain_mm,Rain_Prob,Period,Fetched_at
Thiruvananthapuram,8.5241,76.9366,2026-09-23,4.9,92,Past,2026-09-30 22:40:52
Thiruvananthapuram,8.5241,76.9366,2026-09-24,10.1,100,Past,2026-09-30 22:40:52
Thiruvananthapuram,8.5241,76.9366,2026-09-25,4.2,94,Past,2026-09-30 22:40:52
Thiruvananthapuram,8.5241,76.9366,2026-09-26,0.3,32,Past,2026-09-30 22:40:52
Thiruvananthapuram,8.5241,76.9366,2026-09-27,0.5,69,Past,2026-09-30 22:40:52
Thiruvananthapuram,8.5241,76.9366,2026-09-28,0.6,38,Past,2026-09-30 22:40:52
Thiruvananthapuram,8.5241,76.9366,2026-09-29,0.0,10,Past,2026-09-30 22:40:52
Thiruvananthapuram,8.5241,76.9366,2026-09-30,1.6,86,Forecast,2026-09-30 22:40:52
Thiruvananthapuram,8.5241,76.9366,2026-10-01,8.4,100,Forecast,2026-09-30 22:40:52
Thiruvananthapuram,8.5241,76.9366,2026-10-02,10.2,100,Forecast,2026-09-30 22:40:52
Thiruvananthapuram,8.5241,76.9366,2026-10-03,8.0,100,Forecast,2026-09-30 22:40:52
Thiruvananthapuram,8.5241,76.9366,2026-10-04,4.5,100,Forecast,2026-09-30 22:40:52
Thiruvananthapuram,8.5241,76.9366,2026-10-05,7.8,100,Forecast,2026-09-30 22:40:52
Thiruvananthapuram,8.5241,76.9366,2026-10-06,7.5,100,Forecast,2026-09-30 22:40:52
Kollam,8.8932,76.6141,2026-09-23,4.0,94,Past,2026-09-30 22:40:52
Kollam,8.8932,76.6141,2026-09-24,8.5,100,Past,2026-09-30 22:40:52
Kollam,8.8932,76.6141,2026-09-25,1.9,90,Past,2026-09-30 22:40:52
Kollam,8.8932,76.6141,2026-09-26,0.1,55,Past,2026-09-30 22:40:52
Kollam,8.8932,76.6141,2026-09-27,0.4,69,Past,2026-09-30 22:40:52
Kollam,8.8932,76.6141,2026-09-28,0.5,50,Past,2026-09-30 22:40:52
Kollam,8.8932,76.6141,2026-09-29,0.3,53,Past,2026-09-30 22:40:52
Kollam,8.8932,76.6141,2026-09-30,1.0,95,Forecast,2026-09-30 22:40:52
Kollam,8.8932,76.6141,2026-10-01,2.6,99,Forecast,2026-09-30 22:40:52
Kollam,8.8932,76.6141,2026-10-02,11.2,100,Forecast,2026-09-30 22:40:52
Kollam,8.8932,76.6141,2026-10-03,1.7,100,Forecast,2026-09-30 22:40:52
Kollam,8.8932,76.6141,2026-10-04,3.6,100,Forecast,2026-09-30 22:40:52
Kollam,8.8932,76.6141,2026-10-05,1.8,100,Forecast,2026-09-30 22:40:52
Kollam,8.8932,76.6141,2026-10-06,3.9,100,Forecast,2026-09-30 22:40:52
Pathanamthitta,9.2648,76.787,2026-09-23,7.2,100,Past,2026-09-30 22:40:52
Pathanamthitta,9.2648,76.787,2026-09-24,3.1,100,Past,2026-09-30 22:40:52
Pathanamthitta,9.2648,76.787,2026-09-25,5.6,84,Past,2026-09-30 22:40:52
Pathanamthitta,9.2648,76.787,2026-09-26,0.8,61,Past,2026-09-30 22:40:52
Pathanamthitta,9.2648,76.787,2026-09-27,0.8,57,Past,2026-09-30 22:40:52
Pathanamthitta,9.2648,76.787,2026-09-28,1.0,31,Past,2026-09-30 22:40:52
Pathanamthitta,9.2648,76.787,2026-09-29,0.8,47,Past,2026-09-30 22:40:52
Pathanamthitta,9.2648,76.787,2026-09-30,2.6,86,Forecast,2026-09-30 22:40:52
Pathanamthitta,9.2648,76.787,2026-10-01,6.2,99,Forecast,2026-09-30 22:40:52
Pathanamthitta,9.2648,76.787,2026-10-02,16.6,100,Forecast,2026-09-30 22:40:52
Pathanamthitta,9.2648,76.787,2026-10-03,12.9,100,Forecast,2026-09-30 22:40:52
Pathanamthitta,9.2648,76.787,2026-10-04,4.2,100,Forecast,2026-09-30 22:40:52
Pathanamthitta,9.2648,76.787,2026-10-05,11.1,100,Forecast,2026-09-30 22:40:52
Pathanamthitta,9.2648,76.787,2026-10-06,20.4,100,Forecast,2026-09-30 22:40:52
Alappuzha,9.4981,76.3388,2026-09-23,4.0,92,Past,2026-09-30 22:40:52
Alappuzha,9.4981,76.3388,2026-09-24,8.6,100,Past,2026-09-30 22:40:52
Alappuzha,9.4981,76.3388,2026-09-25,0.3,87,Past,2026-09-30 22:40:52
Alappuzha,9.4981,76.3388,2026-09-26,0.4,45,Past,2026-09-30 22:40:52
Alappuzha,9.4981,76.3388,2026-09-27,0.0,33,Past,2026-09-30 22:40:52
Alappuzha,9.4981,76.3388,2026-09-28,0.8,41,Past,2026-09-30 22:40:52
Alappuzha,9.4981,76.3388,2026-09-29,0.8,35,Past,2026-09-30 22:40:52
Alappuzha,9.4981,76.3388,2026-09-30,1.5,86,Forecast,2026-09-30 22:40:52
Alappuzha,9.4981,76.3388,2026-10-01,1.9,94,Forecast,2026-09-30 22:40:52
Alappuzha,9.4981,76.3388,2026-10-02,7.1,100,Forecast,2026-09-30 22:40:52
Alappuzha,9.4981,76.3388,2026-10-03,2.7,100,Forecast,2026-09-30 22:40:52
Alappuzha,9.4981,76.3388,2026-10-04,3.3,100,Forecast,2026-09-30 22:40:52
Alappuzha,9.4981,76.3388,2026-10-05,5.7,97,Forecast,2026-09-30 22:40:52
Alappuzha,9.4981,76.3388,2026-10-06,1.5,100,Forecast,2026-09-30 22:40:52
Kottayam,9.5916,76.5222,2026-09-23,3.6,92,Past,2026-09-30 22:40:52
Kottayam,9.5916,76.5222,2026-09-24,3.5,100,Past,2026-09-30 22:40:52
Kottayam,9.5916,76.5222,2026-09-25,1.9,87,Past,2026-09-30 22:40:52
Kottayam,9.5916,76.5222,2026-09-26,0.7,45,Past,2026-09-30 22:40:52
Kottayam,9.5916,76.5222,2026-09-27,0.7,33,Past,2026-09-30 22:40:52
Kottayam,9.5916,76.5222,2026-09-28,0.6,41,Past,2026-09-30 22:40:52
Kottayam,9.5916,76.5222,2026-09-29,0.5,35,Past,2026-09-30 22:40:52
Kottayam,9.5916,76.5222,2026-09-30,1.7,86,Forecast,2026-09-30 22:40:52
Kottayam,9.5916,76.5222,2026-10-01,8.0,94,Forecast,2026-09-30 22:40:52
Kottayam,9.5916,76.5222,2026-10-02,11.2,100,Forecast,2026-09-30 22:40:52
Kottayam,9.5916,76.5222,2026-10-03,6.2,100,Forecast,2026-09-30 22:40:52
Kottayam,9.5916,76.5222,2026-10-04,5.7,100,Forecast,2026-09-30 22:40:52
Kottayam,9.5916,76.5222,2026-10-05,9.0,97,Forecast,2026-09-30 22:40:52
Kottayam,9.5916,76.5222,2026-10-06,10.5,100,Forecast,2026-09-30 22:40:52
Idukki,9.85,76.94,2026-09-23,12.2,100,Past,2026-09-30 22:40:52
Idukki,9.85,76.94,2026-09-24,9.3,100,Past,2026-09-30 22:40:52
Idukki,9.85,76.94,2026-09-25,5.1,98,Past,2026-09-30 22:40:52
Idukki,9.85,76.94,2026-09-26,3.3,90,Past,2026-09-30 22:40:52
Idukki,9.85,76.94,2026-09-27,0.3,17,Past,2026-09-30 22:40:52
Idukki,9.85,76.94,2026-09-28,8.5,100,Past,2026-09-30 22:40:52
Idukki,9.85,76.94,2026-09-29,0.1,28,Past,2026-09-30 22:40:52
Idukki,9.85,76.94,2026-09-30,2.4,99,Forecast,2026-09-30 22:40:52
Idukki,9.85,76.94,2026-10-01,22.2,100,Forecast,2026-09-30 22:40:52
Idukki,9.85,76.94,2026-10-02,6.8,100,Forecast,2026-09-30 22:40:52
Idukki,9.85,76.94,2026-10-03,7.9,100,Forecast,2026-09-30 22:40:52
Idukki,9.85,76.94,2026-10-04,13.5,100,Forecast,2026-09-30 22:40:52
Idukki,9.85,76.94,2026-10-05,11.7,100,Forecast,2026-09-30 22:40:52
Idukki,9.85,76.94,2026-10-06,10.5,98,Forecast,2026-09-30 22:40:52
Ernakulam,9.9312,76.2673,2026-09-23,1.8,82,Past,2026-09-30 22:40:52
Ernakulam,9.9312,76.2673,2026-09-24,1.3,88,Past,2026-09-30 22:40:52
Ernakulam,9.9312,76.2673,2026-09-25,0.2,84,Past,2026-09-30 22:40:52
Ernakulam,9.9312,76.2673,2026-09-26,0.2,27,Past,2026-09-30 22:40:52
Ernakulam,9.9312,76.2673,2026-09-27,0.0,25,Past,2026-09-30 22:40:52
Ernakulam,9.9312,76.2673,2026-09-28,0.1,35,Past,2026-09-30 22:40:52
Ernakulam,9.9312,76.2673,2026-09-29,0.5,27,Past,2026-09-30 22:40:52
Ernakulam,9.9312,76.2673,2026-09-30,0.6,53,Forecast,2026-09-30 22:40:52
Ernakulam,9.9312,76.2673,2026-10-01,1.3,53,Forecast,2026-09-30 22:40:52
Ernakulam,9.9312,76.2673,2026-10-02,5.5,97,Forecast,2026-09-30 22:40:52
Ernakulam,9.9312,76.2673,2026-10-03,2.8,95,Forecast,2026-09-30 22:40:52
Ernakulam,9.9312,76.2673,2026-10-04,1.8,71,Forecast,2026-09-30 22:40:52
Ernakulam,9.9312,76.2673,2026-10-05,2.1,53,Forecast,2026-09-30 22:40:52
Ernakulam,9.9312,76.2673,2026-10-06,4.8,82,Forecast,2026-09-30 22:40:52
Thrissur,10.5276,76.2144,2026-09-23,3.1,76,Past,2026-09-30 22:40:52
Thrissur,10.5276,76.2144,2026-09-24,0.9,43,Past,2026-09-30 22:40:52
Thrissur,10.5276,76.2144,2026-09-25,4.0,74,Past,2026-09-30 22:40:52
Thrissur,10.5276,76.2144,2026-09-26,0.8,49,Past,2026-09-30 22:40:52
Thrissur,10.5276,76.2144,2026-09-27,1.0,28,Past,2026-09-30 22:40:52
Thrissur,10.5276,76.2144,2026-09-28,0.5,71,Past,2026-09-30 22:40:52
Thrissur,10.5276,76.2144,2026-09-29,0.1,14,Past,2026-09-30 22:40:52
Thrissur,10.5276,76.2144,2026-09-30,1.4,93,Forecast,2026-09-30 22:40:52
Thrissur,10.5276,76.2144,2026-10-01,4.5,85,Forecast,2026-09-30 22:40:52
Thrissur,10.5276,76.2144,2026-10-02,15.1,100,Forecast,2026-09-30 22:40:52
Thrissur,10.5276,76.2144,2026-10-03,3.8,100,Forecast,2026-09-30 22:40:52
Thrissur,10.5276,76.2144,2026-10-04,5.7,100,Forecast,2026-09-30 22:40:52
Thrissur,10.5276,76.2144,2026-10-05,5.7,100,Forecast,2026-09-30 22:40:52
Thrissur,10.5276,76.2144,2026-10-06,12.6,100,Forecast,2026-09-30 22:40:52
Palakkad,10.7867,76.6548,2026-09-23,3.0,84,Past,2026-09-30 22:40:52
Palakkad,10.7867,76.6548,2026-09-24,1.6,86,Past,2026-09-30 22:40:52
Palakkad,10.7867,76.6548,2026-09-25,16.1,92,Past,2026-09-30 22:40:52
Palakkad,10.7867,76.6548,2026-09-26,1.7,53,Past,2026-09-30 22:40:52
Palakkad,10.7867,76.6548,2026-09-27,0.0,2,Past,2026-09-30 22:40:52
Palakkad,10.7867,76.6548,2026-09-28,0.4,24,Past,2026-09-30 22:40:52
Palakkad,10.7867,76.6548,2026-09-29,0.0,4,Past,2026-09-30 22:40:52
Palakkad,10.7867,76.6548,2026-09-30,0.8,55,Forecast,2026-09-30 22:40:52
Palakkad,10.7867,76.6548,2026-10-01,10.2,90,Forecast,2026-09-30 22:40:52
Palakkad,10.7867,76.6548,2026-10-02,4.7,96,Forecast,2026-09-30 22:40:52
Palakkad,10.7867,76.6548,2026-10-03,3.3,82,Forecast,2026-09-30 22:40:52
Palakkad,10.7867,76.6548,2026-10-04,3.0,86,Forecast,2026-09-30 22:40:52
Palakkad,10.7867,76.6548,2026-10-05,5.4,99,Forecast,2026-09-30 22:40:52
Palakkad,10.7867,76.6548,2026-10-06,6.0,96,Forecast,2026-09-30 22:40:52
Malappuram,11.051,76.0711,2026-09-23,1.5,73,Past,2026-09-30 22:40:52
Malappuram,11.051,76.0711,2026-09-24,1.5,76,Past,2026-09-30 22:40:52
Malappuram,11.051,76.0711,2026-09-25,19.9,86,Past,2026-09-30 22:40:52
Malappuram,11.051,76.0711,2026-09-26,1.2,49,Past,2026-09-30 22:40:52
Malappuram,11.051,76.0711,2026-09-27,0.0,3,Past,2026-09-30 22:40:52
Malappuram,11.051,76.0711,2026-09-28,1.8,71,Past,2026-09-30 22:40:52
Malappuram,11.051,76.0711,2026-09-29,1.5,35,Past,2026-09-30 22:40:52
Malappuram,11.051,76.0711,2026-09-30,0.8,88,Forecast,2026-09-30 22:40:52
Malappuram,11.051,76.0711,2026-10-01,0.5,86,Forecast,2026-09-30 22:40:52
Malappuram,11.051,76.0711,2026-10-02,5.2,100,Forecast,2026-09-30 22:40:52
Malappuram,11.051,76.0711,2026-10-03,2.8,100,Forecast,2026-09-30 22:40:52
Malappuram,11.051,76.0711,2026-10-04,8.7,100,Forecast,2026-09-30 22:40:52
Malappuram,11.051,76.0711,2026-10-05,9.6,100,Forecast,2026-09-30 22:40:52
Malappuram,11.051,76.0711,2026-10-06,5.4,100,Forecast,2026-09-30 22:40:52
Kozhikode,11.2588,75.7804,2026-09-23,1.9,76,Past,2026-09-30 22:40:52
Kozhikode,11.2588,75.7804,2026-09-24,2.9,98,Past,2026-09-30 22:40:52
Kozhikode,11.2588,75.7804,2026-09-25,14.3,100,Past,2026-09-30 22:40:52
Kozhikode,11.2588,75.7804,2026-09-26,0.4,71,Past,2026-09-30 22:40:52
Kozhikode,11.2588,75.7804,2026-09-27,0.0,6,Past,2026-09-30 22:40:52
Kozhikode,11.2588,75.7804,2026-09-28,0.2,78,Past,2026-09-30 22:40:52
Kozhikode,11.2588,75.7804,2026-09-29,0.7,25,Past,2026-09-30 22:40:52
Kozhikode,11.2588,75.7804,2026-09-30,0.7,73,Forecast,2026-09-30 22:40:52
Kozhikode,11.2588,75.7804,2026-10-01,1.0,100,Forecast,2026-09-30 22:40:52
Kozhikode,11.2588,75.7804,2026-10-02,8.8,100,Forecast,2026-09-30 22:40:52
Kozhikode,11.2588,75.7804,2026-10-03,3.9,100,Forecast,2026-09-30 22:40:52
Kozhikode,11.2588,75.7804,2026-10-04,1.5,100,Forecast,2026-09-30 22:40:52
Kozhikode,11.2588,75.7804,2026-10-05,4.2,100,Forecast,2026-09-30 22:40:52
Kozhikode,11.2588,75.7804,2026-10-06,3.6,98,Forecast,2026-09-30 22:40:52
Wayanad,11.6103,76.083,2026-09-23,0.2,69,Past,2026-09-30 22:40:52
Wayanad,11.6103,76.083,2026-09-24,1.7,100,Past,2026-09-30 22:40:52
Wayanad,11.6103,76.083,2026-09-25,18.7,100,Past,2026-09-30 22:40:52
Wayanad,11.6103,76.083,2026-09-26,2.0,98,Past,2026-09-30 22:40:52
Wayanad,11.6103,76.083,2026-09-27,0.0,65,Past,2026-09-30 22:40:52
Wayanad,11.6103,76.083,2026-09-28,2.6,94,Past,2026-09-30 22:40:52
Wayanad,11.6103,76.083,2026-09-29,1.3,65,Past,2026-09-30 22:40:52
Wayanad,11.6103,76.083,2026-09-30,3.7,98,Forecast,2026-09-30 22:40:52
Wayanad,11.6103,76.083,2026-10-01,4.3,100,Forecast,2026-09-30 22:40:52
Wayanad,11.6103,76.083,2026-10-02,3.2,100,Forecast,2026-09-30 22:40:52
Wayanad,11.6103,76.083,2026-10-03,1.7,100,Forecast,2026-09-30 22:40:52
Wayanad,11.6103,76.083,2026-10-04,3.9,100,Forecast,2026-09-30 22:40:52
Wayanad,11.6103,76.083,2026-10-05,5.1,100,Forecast,2026-09-30 22:40:52
Wayanad,11.6103,76.083,2026-10-06,5.1,100,Forecast,2026-09-30 22:40:52
Kannur,11.8745,75.3704,2026-09-23,0.9,55,Past,2026-09-30 22:40:52
Kannur,11.8745,75.3704,2026-09-24,7.7,100,Past,2026-09-30 22:40:52
Kannur,11.8745,75.3704,2026-09-25,25.6,100,Past,2026-09-30 22:40:52
Kannur,11.8745,75.3704,2026-09-26,0.3,25,Past,2026-09-30 22:40:52
Kannur,11.8745,75.3704,2026-09-27,0.0,8,Past,2026-09-30 22:40:52
Kannur,11.8745,75.3704,2026-09-28,0.0,8,Past,2026-09-30 22:40:52
Kannur,11.8745,75.3704,2026-09-29,0.0,10,Past,2026-09-30 22:40:52
Kannur,11.8745,75.3704,2026-09-30,0.4,37,Forecast,2026-09-30 22:40:52
Kannur,11.8745,75.3704,2026-10-01,0.2,45,Forecast,2026-09-30 22:40:52
Kannur,11.8745,75.3704,2026-10-02,5.2,100,Forecast,2026-09-30 22:40:52
Kannur,11.8745,75.3704,2026-10-03,3.0,93,Forecast,2026-09-30 22:40:52
Kannur,11.8745,75.3704,2026-10-04,1.2,76,Forecast,2026-09-30 22:40:52
Kannur,11.8745,75.3704,2026-10-05,3.9,78,Forecast,2026-09-30 22:40:52
Kannur,11.8745,75.3704,2026-10-06,1.8,68,Forecast,2026-09-30 22:40:52
Kasaragod,12.4996,74.9869,2026-09-23,2.1,38,Past,2026-09-30 22:40:52
Kasaragod,12.4996,74.9869,2026-09-24,8.2,100,Past,2026-09-30 22:40:52
Kasaragod,12.4996,74.9869,2026-09-25,13.2,100,Past,2026-09-30 22:40:52
Kasaragod,12.4996,74.9869,2026-09-26,1.1,51,Past,2026-09-30 22:40:52
Kasaragod,12.4996,74.9869,2026-09-27,0.0,2,Past,2026-09-30 22:40:52
Kasaragod,12.4996,74.9869,2026-09-28,0.1,8,Past,2026-09-30 22:40:52
Kasaragod,12.4996,74.9869,2026-09-29,0.2,14,Past,2026-09-30 22:40:52
Kasaragod,12.4996,74.9869,2026-09-30,1.4,14,Forecast,2026-09-30 22:40:52
Kasaragod,12.4996,74.9869,2026-10-01,0.1,15,Forecast,2026-09-30 22:40:52
Kasaragod,12.4996,74.9869,2026-10-02,2.7,82,Forecast,2026-09-30 22:40:52
Kasaragod,12.4996,74.9869,2026-10-03,4.4,92,Forecast,2026-09-30 22:40:52
Kasaragod,12.4996,74.9869,2026-10-04,1.6,77,Forecast,2026-09-30 22:40:52
Kasaragod,12.4996,74.9869,2026-10-05,1.2,82,Forecast,2026-09-30 22:40:52
Kasaragod,12.4996,74.9869,2026-10-06,3.0,69,Forecast,2026-09-30 22:40:52
